period,best_sharpe,best_pnl_pct,best_win_rate,master_long_threshold,master_short_threshold,lookback_z,k_sl_min
БЫЧИЙ (Feb-Mar 2024),1.5469237997730438,8.838462709605428,81.57894736842105,15.0,-10.0,6.0,2.0
МЕДВЕЖИЙ (Jul-Sep 2024),0.16765007008649685,1.265621402668712,54.6875,5.0,-20.0,12.0,2.5
БОКОВИК (Oct 2024),0.8321166685535272,1.698864873638013,61.904761904761905,15.0,-20.0,6.0,2.0
